+--------------------+--------------------------------+
| Name               | Email                          |
+--------------------+--------------------------------+
| Geoffrey Hervet    | <hervetg@gmail.com>	      |
| Pierre Collet      | <pierre.collet91@gmail.com>    |
| Jonathan Salwan    | <jonathan.salwan@gmail.com>    |
| Thomas Tortorini   | <thomastortorini@gmail.com>    |
| Mathieu Ghennassia | <mathieu.ghennassia@gmail.com> |
| Aymeric Beaumet    | <aymeric.beaumet@gmail.com>    |
+--------------------+--------------------------------+
